species_a	species_b	n_families	median_ks	median_ka	min_ks	max_ks	n_saturated
Obas	Ococ	69	0.0235	0.0075	-0.0000	0.1236	0
Cgig	Sund	69	0.0521	0.0181	0.0229	0.1443	0
Cjam	Sund	69	0.0992	0.0263	0.0416	0.2109	0
Cgig	Cjam	69	0.0998	0.0294	0.0354	0.1809	0
Cgig	Ococ	69	0.1871	0.0555	0.1205	0.4264	0
Obas	Sund	69	0.1883	0.0498	0.1120	0.4115	0
Ococ	Sund	69	0.1884	0.0535	0.1254	0.4659	0
Cgig	Obas	69	0.1911	0.0556	0.1207	0.4069	0
Cjam	Obas	69	0.1981	0.0531	0.0962	0.4559	0
Cjam	Ococ	69	0.1998	0.0534	0.1013	0.4611	0
Pami	Pole	69	0.2860	0.0549	0.1478	0.9729	0
Cgig	Tfru	69	0.3311	0.0943	0.2052	0.5117	0
Cjam	Tfru	69	0.3445	0.0880	0.1777	0.5408	0
Sund	Tfru	69	0.3490	0.0926	0.1768	0.5612	0
Obas	Tfru	69	0.3599	0.0932	0.2292	0.6175	0
Ococ	Tfru	69	0.3615	0.0991	0.2331	0.6328	0
Ccac	Cgig	69	0.3694	0.1122	0.2096	0.7170	0
Ccac	Cjam	69	0.3743	0.1085	0.2273	0.7196	0
Ccac	Obas	69	0.3763	0.1090	0.2595	0.7522	0
Ccac	Tfru	69	0.3814	0.1055	0.2097	0.7062	0
Ccac	Sund	69	0.3850	0.1040	0.2242	0.6827	0
Ccac	Ococ	69	0.3852	0.1079	0.2450	0.7473	0
Dcar	Sof	69	0.3981	0.0892	0.2379	1.8479	0
Bvul	Sole	69	0.3998	0.1243	0.2729	0.7798	0
Pole	Sund	69	0.4057	0.1072	0.2168	0.8797	0
Cgig	Pole	69	0.4093	0.1237	0.2369	0.8234	0
Cjam	Pole	69	0.4189	0.1130	0.2478	0.8178	0
Pami	Sund	69	0.4274	0.1109	0.2692	0.9919	0
Cgig	Pami	69	0.4292	0.1265	0.2537	0.9574	0
Obas	Pole	69	0.4298	0.1070	0.2730	0.8563	0
Ococ	Pole	69	0.4342	0.1118	0.2668	0.8535	0
Cjam	Pami	69	0.4367	0.1195	0.2942	0.9745	0
Pole	Tfru	69	0.4594	0.1206	0.3001	0.9151	0
Obas	Pami	69	0.4620	0.1097	0.2967	1.2071	0
Ococ	Pami	69	0.4639	0.1170	0.2718	1.2479	0
Ccac	Mcry	69	0.4743	0.1589	0.3017	1.0305	0
Mcry	Tfru	69	0.4829	0.1640	0.3404	0.8539	0
Cjam	Mcry	69	0.4858	0.1682	0.3632	0.9347	0
Pami	Tfru	69	0.4878	0.1298	0.2553	1.1277	0
Ahyp	Bvul	67	0.4967	0.1501	0.3311	1.6479	0
Ccac	Pole	69	0.5053	0.1293	0.2864	0.8953	0
Ahyp	Sole	67	0.5099	0.1517	0.3540	0.8391	0
Mcry	Sund	69	0.5101	0.1636	0.3079	1.1067	0
Cgig	Mcry	69	0.5110	0.1724	0.3108	0.7915	0
Ccac	Pami	69	0.5133	0.1271	0.2624	1.1228	0
Mcry	Obas	69	0.5311	0.1654	0.3465	1.0998	0
Mcry	Ococ	69	0.5391	0.1655	0.3717	1.3214	0
Mcry	Sole	69	0.5476	0.1873	0.2926	1.1436	0
Bvul	Mcry	68	0.5649	0.1710	0.3237	0.9697	1
Bvul	Cgig	69	0.5824	0.2049	0.3678	1.3844	0
Ccac	Sole	69	0.5834	0.1975	0.3945	1.2030	0
Bvul	Ccac	69	0.5988	0.1959	0.3515	1.4501	0
Sole	Tfru	69	0.6009	0.2132	0.4197	1.1356	0
Mcry	Pami	69	0.6047	0.1813	0.3450	1.3135	0
Cgig	Sole	69	0.6055	0.2136	0.3065	1.1434	0
Ahyp	Mcry	67	0.6058	0.2032	0.3293	1.3010	0
Ococ	Sole	69	0.6086	0.2068	0.3798	1.5729	0
Mcry	Pole	69	0.6091	0.1821	0.3435	1.3096	0
Bvul	Obas	69	0.6098	0.1984	0.3760	1.2625	0
Bvul	Sund	69	0.6120	0.1963	0.3606	1.3288	0
Cjam	Sole	69	0.6124	0.2116	0.4056	1.2149	0
Bvul	Tfru	69	0.6126	0.2037	0.3718	1.4282	0
Obas	Sole	69	0.6162	0.2105	0.3846	1.3261	0
Bvul	Ococ	69	0.6166	0.1931	0.3785	1.3781	0
Bvul	Cjam	69	0.6181	0.1994	0.3713	1.1204	0
Sole	Sund	69	0.6204	0.2059	0.3752	1.1802	0
Ahyp	Cjam	67	0.6543	0.2348	0.4231	1.6068	0
Ahyp	Cgig	67	0.6735	0.2288	0.4173	1.7706	0
Ahyp	Tfru	67	0.6735	0.2418	0.4233	1.3940	0
Sof	Sole	69	0.6781	0.2189	0.3095	1.3816	0
Bvul	Sof	69	0.6791	0.2035	0.3614	1.4159	0
Ahyp	Obas	67	0.6812	0.2209	0.4103	1.8056	0
Ahyp	Ccac	67	0.6816	0.2218	0.3727	1.7539	0
Ahyp	Ococ	67	0.6829	0.2294	0.4392	1.5420	0
Mcry	Sof	69	0.6908	0.2156	0.2725	1.4246	0
Ahyp	Sund	67	0.6980	0.2208	0.4452	1.7706	0
Bvul	Pole	69	0.7052	0.2084	0.3650	1.6715	0
Pole	Sole	69	0.7056	0.2176	0.4189	1.3184	0
Sof	Tfru	69	0.7159	0.2405	0.3823	1.3927	0
Pami	Sole	69	0.7190	0.2239	0.3238	1.8252	0
Bvul	Pami	69	0.7207	0.2091	0.3366	2.3296	0
Ococ	Sof	69	0.7217	0.2495	0.2690	1.7152	0
Cgig	Sof	69	0.7223	0.2507	0.3324	1.2903	0
Obas	Sof	69	0.7225	0.2414	0.2312	1.5415	0
Cjam	Sof	69	0.7232	0.2423	0.3490	1.2015	0
Ccac	Sof	69	0.7305	0.2282	0.3815	1.2431	0
Sof	Sund	69	0.7313	0.2429	0.3456	1.3290	0
Ahyp	Pole	67	0.7358	0.2383	0.4141	1.5937	0
Dcar	Mcry	69	0.7382	0.2272	0.3780	1.4036	0
Dcar	Sole	69	0.7415	0.2398	0.3851	1.5319	0
Bvul	Dcar	69	0.7456	0.2112	0.4088	1.2947	0
Dcar	Tfru	69	0.7464	0.2518	0.4351	1.4387	0
Ccac	Dcar	69	0.7551	0.2388	0.3407	1.2673	0
Ahyp	Sof	67	0.7614	0.2354	0.3878	1.5678	0
Cgig	Dcar	69	0.7623	0.2514	0.4176	1.6076	0
Pole	Sof	69	0.7707	0.2380	0.3644	1.5916	0
Cjam	Dcar	69	0.7726	0.2580	0.4228	1.5980	0
Dcar	Pole	69	0.7784	0.2611	0.4036	1.5617	0
Ahyp	Pami	67	0.7825	0.2470	0.4318	1.6479	0
Dcar	Sund	69	0.7827	0.2459	0.3970	1.5073	0
Dcar	Ococ	69	0.7862	0.2426	0.4257	1.6376	0
Dcar	Obas	69	0.7926	0.2469	0.4258	1.6376	0
Ahyp	Dcar	67	0.7990	0.2487	0.4085	2.2627	0
Pami	Sof	69	0.8261	0.2529	0.3743	1.6911	0
Dcar	Pami	69	0.8413	0.2463	0.3799	1.4306	0
